kind,etag,id,snippet.publishedAt,snippet.channelId,snippet.title,snippet.description,snippet.channelTitle,snippet.playlistId,snippet.position,snippet.videoOwnerChannelTitle,snippet.videoOwnerChannelId,snippet.thumbnails.default.url,snippet.thumbnails.default.width,snippet.thumbnails.default.height,snippet.thumbnails.medium.url,snippet.thumbnails.medium.width,snippet.thumbnails.medium.height,snippet.thumbnails.high.url,snippet.thumbnails.high.width,snippet.thumbnails.high.height,snippet.thumbnails.standard.url,snippet.thumbnails.standard.width,snippet.thumbnails.standard.height,snippet.thumbnails.maxres.url,snippet.thumbnails.maxres.width,snippet.thumbnails.maxres.height,snippet.resourceId.kind,snippet.resourceId.videoId,contentDetails.videoId,contentDetails.videoPublishedAt,status.privacyStatus
youtube#playlistItem,uZO3eF-1eeFC9ARuNaUmEZzHdFs,UEw2YVlKXzB6SjR1RDZTU1ZJdUVTOWI3OS0wMHF2ZWNIYi41NkI0NEY2RDEwNTU3Q0M2,2023-09-25T20:01:20Z,UCBbHCj7kUogAMFyBAzzzfUw,Why AnVIL?,"Welcome to AnVIL! This video will give you a quick introduction to the AnVIL project and how it can help your research.

Give us feedback: https://docs.google.com/forms/d/e/1FAIpQLScrDVb_utm55pmb_SHx-RgELTEbCCWdLea0T3IzS0Oj00GE4w/viewform?usp=pp_url&entry.1565230805=Why+AnVIL+on+YouTube
Check out the slides here: https://docs.google.com/presentation/d/1_CXM3bVvauH6eahRg94zjC6fc6NGDrrnCt33jAABPRk/edit?usp=sharing",AnVIL Project,PL6aYJ_0zJ4uD6SSVIuES9b79-00qvecHb,0,AnVIL Project,UCBbHCj7kUogAMFyBAzzzfUw,https://i.ytimg.com/vi/XC5qzj-yZb8/default.jpg,120,90,https://i.ytimg.com/vi/XC5qzj-yZb8/mqdefault.jpg,320,180,https://i.ytimg.com/vi/XC5qzj-yZb8/hqdefault.jpg,480,360,https://i.ytimg.com/vi/XC5qzj-yZb8/sddefault.jpg,640,480,NA,NA,NA,youtube#video,XC5qzj-yZb8,XC5qzj-yZb8,2021-08-27T20:08:31Z,public
youtube#playlistItem,RyOnyvMpT7Z4_j5Apd1HEHsoEPc,UEw2YVlKXzB6SjR1RDZTU1ZJdUVTOWI3OS0wMHF2ZWNIYi4yODlGNEE0NkRGMEEzMEQy,2023-09-25T20:01:30Z,UCBbHCj7kUogAMFyBAzzzfUw,Starting Jupyter on the AnVIL Platform,"Welcome to the Starting Jupyter tutorial!

Give us feedback: https://docs.google.com/forms/d/e/1FAIpQLScrDVb_utm55pmb_SHx-RgELTEbCCWdLea0T3IzS0Oj00GE4w/viewform?usp=pp_url&entry.1565230805=Starting+Jupyter+on+YouTube
Check out the slides here: https://docs.google.com/presentation/d/1GYUP874Qd7K3S0Ls6iWY_M4jywpRb53qw0f78OBCFwk/edit?usp=sharing",AnVIL Project,PL6aYJ_0zJ4uD6SSVIuES9b79-00qvecHb,1,AnVIL Project,UCBbHCj7kUogAMFyBAzzzfUw,https://i.ytimg.com/vi/T5xCxFHGpPE/default.jpg,120,90,https://i.ytimg.com/vi/T5xCxFHGpPE/mqdefault.jpg,320,180,https://i.ytimg.com/vi/T5xCxFHGpPE/hqdefault.jpg,480,360,https://i.ytimg.com/vi/T5xCxFHGpPE/sddefault.jpg,640,480,NA,NA,NA,youtube#video,T5xCxFHGpPE,T5xCxFHGpPE,2021-08-26T11:33:28Z,public
youtube#playlistItem,kXKgHWerKVoKvyDiPACqBi0p1WY,UEw2YVlKXzB6SjR1RDZTU1ZJdUVTOWI3OS0wMHF2ZWNIYi4wMTcyMDhGQUE4NTIzM0Y5,2023-09-25T20:01:30Z,UCBbHCj7kUogAMFyBAzzzfUw,Starting RStudio on the AnVIL Platform,"Welcome to the Starting RStudio tutorial!

Give us feedback: https://docs.google.com/forms/d/e/1FAIpQLScrDVb_utm55pmb_SHx-RgELTEbCCWdLea0T3IzS0Oj00GE4w/viewform?usp=pp_url&entry.1565230805=Starting+RStudio+on+YouTube
Check out the slides here: https://docs.google.com/presentation/d/1eypYLLqD11-NwHLs4adGpcuSB07dYEJfAaALSMvgzqw/edit?usp=sharing",AnVIL Project,PL6aYJ_0zJ4uD6SSVIuES9b79-00qvecHb,2,AnVIL Project,UCBbHCj7kUogAMFyBAzzzfUw,https://i.ytimg.com/vi/cdkNbdhxUPc/default.jpg,120,90,https://i.ytimg.com/vi/cdkNbdhxUPc/mqdefault.jpg,320,180,https://i.ytimg.com/vi/cdkNbdhxUPc/hqdefault.jpg,480,360,https://i.ytimg.com/vi/cdkNbdhxUPc/sddefault.jpg,640,480,NA,NA,NA,youtube#video,cdkNbdhxUPc,cdkNbdhxUPc,2021-08-26T11:32:51Z,public
youtube#playlistItem,tvw882Oy_jEzmuQ8GYLcIyOprm0,UEw2YVlKXzB6SjR1RDZTU1ZJdUVTOWI3OS0wMHF2ZWNIYi5DQUNERDQ2NkIzRUQxNTY1,2024-08-27T17:05:32Z,UCBbHCj7kUogAMFyBAzzzfUw,Starting Galaxy on the AnVIL Platform,"Learn how to:
* Start compute for Galaxy on AnVIL
* Run the FastQC tool to quality control sequencing reads
* Stop compute to minimize expenses

Give us feedback! : https://docs.google.com/forms/d/e/1FAIpQLScrDVb_utm55pmb_SHx-RgELTEbCCWdLea0T3IzS0Oj00GE4w/viewform?usp=pp_url&entry.1565230805=Using+Galaxy+on+YouTube
Check out the slides here: https://docs.google.com/presentation/d/1yYCg4cPVBMMDghT17B4XzROieqyMH99Ex9nMm_Scm9Q/edit?usp=sharing",AnVIL Project,PL6aYJ_0zJ4uD6SSVIuES9b79-00qvecHb,3,AnVIL Project,UCBbHCj7kUogAMFyBAzzzfUw,https://i.ytimg.com/vi/9TEVu7QobOo/default.jpg,120,90,https://i.ytimg.com/vi/9TEVu7QobOo/mqdefault.jpg,320,180,https://i.ytimg.com/vi/9TEVu7QobOo/hqdefault.jpg,480,360,https://i.ytimg.com/vi/9TEVu7QobOo/sddefault.jpg,640,480,NA,NA,NA,youtube#video,9TEVu7QobOo,9TEVu7QobOo,2024-08-27T17:07:45Z,public
youtube#playlistItem,B1cItFOKJrox41QJ4hm38Y14k3k,UEw2YVlKXzB6SjR1RDZTU1ZJdUVTOWI3OS0wMHF2ZWNIYi4xMkVGQjNCMUM1N0RFNEUx,2023-11-29T18:12:40Z,UCBbHCj7kUogAMFyBAzzzfUw,Welcome to AnVIL! Portal homepage tour edition! #anvilproject #bioinformatics #cloudcomputing,,AnVIL Project,PL6aYJ_0zJ4uD6SSVIuES9b79-00qvecHb,4,AnVIL Project,UCBbHCj7kUogAMFyBAzzzfUw,https://i.ytimg.com/vi/pYwvupWnHwk/default.jpg,120,90,https://i.ytimg.com/vi/pYwvupWnHwk/mqdefault.jpg,320,180,https://i.ytimg.com/vi/pYwvupWnHwk/hqdefault.jpg,480,360,https://i.ytimg.com/vi/pYwvupWnHwk/sddefault.jpg,640,480,https://i.ytimg.com/vi/pYwvupWnHwk/maxresdefault.jpg,1280,720,youtube#video,pYwvupWnHwk,pYwvupWnHwk,2023-11-30T19:33:35Z,public
youtube#playlistItem,ROOY7h2Z3g-QMcam7MN7vjCPj0Q,UEw2YVlKXzB6SjR1RDZTU1ZJdUVTOWI3OS0wMHF2ZWNIYi41MzJCQjBCNDIyRkJDN0VD,2023-12-01T16:15:47Z,UCBbHCj7kUogAMFyBAzzzfUw,Welcome to AnVIL! Getting Help edition! #anvilproject #bioinformatics #cloudcomputing,,AnVIL Project,PL6aYJ_0zJ4uD6SSVIuES9b79-00qvecHb,5,AnVIL Project,UCBbHCj7kUogAMFyBAzzzfUw,https://i.ytimg.com/vi/0FrWmzA5Jbk/default.jpg,120,90,https://i.ytimg.com/vi/0FrWmzA5Jbk/mqdefault.jpg,320,180,https://i.ytimg.com/vi/0FrWmzA5Jbk/hqdefault.jpg,480,360,https://i.ytimg.com/vi/0FrWmzA5Jbk/sddefault.jpg,640,480,https://i.ytimg.com/vi/0FrWmzA5Jbk/maxresdefault.jpg,1280,720,youtube#video,0FrWmzA5Jbk,0FrWmzA5Jbk,2023-11-30T19:33:35Z,public
