kind,etag,id,snippet.publishedAt,snippet.channelId,snippet.title,snippet.description,snippet.channelTitle,snippet.playlistId,snippet.position,snippet.videoOwnerChannelTitle,snippet.videoOwnerChannelId,snippet.thumbnails.default.url,snippet.thumbnails.default.width,snippet.thumbnails.default.height,snippet.thumbnails.medium.url,snippet.thumbnails.medium.width,snippet.thumbnails.medium.height,snippet.thumbnails.high.url,snippet.thumbnails.high.width,snippet.thumbnails.high.height,snippet.thumbnails.standard.url,snippet.thumbnails.standard.width,snippet.thumbnails.standard.height,snippet.thumbnails.maxres.url,snippet.thumbnails.maxres.width,snippet.thumbnails.maxres.height,snippet.resourceId.kind,snippet.resourceId.videoId,contentDetails.videoId,contentDetails.videoPublishedAt,status.privacyStatus
youtube#playlistItem,5I7eUnjAhbli-44MSvleoIJx2xI,UEx6Z200MjZLZ3ZyaGhlbG9CZGxTV3NoTTl2MlZ2SkVjWC41NkI0NEY2RDEwNTU3Q0M2,2023-10-16T20:48:52Z,UCpPm7MPoB8uOFSN-6xeCaLw,GDSCN Soil Sampling - Composite Sample Homogenization,"This video shows you how to homogenize your composite soil sample.

For more, check out the ""Materials"" tab on https://gdscnsoil.fredhutch.org/.",Genomic Data Science Community Network,PLzgm426KgvrhheloBdlSWshM9v2VvJEcX,0,Genomic Data Science Community Network,UCpPm7MPoB8uOFSN-6xeCaLw,https://i.ytimg.com/vi/bOoZP0UXrt0/default.jpg,120,90,https://i.ytimg.com/vi/bOoZP0UXrt0/mqdefault.jpg,320,180,https://i.ytimg.com/vi/bOoZP0UXrt0/hqdefault.jpg,480,360,https://i.ytimg.com/vi/bOoZP0UXrt0/sddefault.jpg,640,480,https://i.ytimg.com/vi/bOoZP0UXrt0/maxresdefault.jpg,1280,720,youtube#video,bOoZP0UXrt0,bOoZP0UXrt0,2023-10-16T21:06:23Z,public
youtube#playlistItem,ANwjuIugIJy83my-GIfXZvVb2uA,UEx6Z200MjZLZ3ZyaGhlbG9CZGxTV3NoTTl2MlZ2SkVjWC4yODlGNEE0NkRGMEEzMEQy,2023-10-16T21:11:46Z,UCpPm7MPoB8uOFSN-6xeCaLw,GDSCN Soil Sampling - Preparing DNA Sample,"This video shows you how to prepare the DNA sample from the composite soil sample.

For more, check out the ""Materials"" tab on https://gdscnsoil.fredhutch.org/.",Genomic Data Science Community Network,PLzgm426KgvrhheloBdlSWshM9v2VvJEcX,1,Genomic Data Science Community Network,UCpPm7MPoB8uOFSN-6xeCaLw,https://i.ytimg.com/vi/4EvzJpp3Brs/default.jpg,120,90,https://i.ytimg.com/vi/4EvzJpp3Brs/mqdefault.jpg,320,180,https://i.ytimg.com/vi/4EvzJpp3Brs/hqdefault.jpg,480,360,https://i.ytimg.com/vi/4EvzJpp3Brs/sddefault.jpg,640,480,https://i.ytimg.com/vi/4EvzJpp3Brs/maxresdefault.jpg,1280,720,youtube#video,4EvzJpp3Brs,4EvzJpp3Brs,2023-10-16T21:17:15Z,public
youtube#playlistItem,MqermIk2wkK8genwWLx6Yvtkseo,UEx6Z200MjZLZ3ZyaGhlbG9CZGxTV3NoTTl2MlZ2SkVjWC4wMTcyMDhGQUE4NTIzM0Y5,2023-10-16T21:13:02Z,UCpPm7MPoB8uOFSN-6xeCaLw,GDSCN Soil Sampling - Preparing Heavy Metal Testing Sample,"This video shows you how to prepare the heavy metal testing sample from the composite soil sample.

For more, check out the ""Materials"" tab on https://gdscnsoil.fredhutch.org/.",Genomic Data Science Community Network,PLzgm426KgvrhheloBdlSWshM9v2VvJEcX,2,Genomic Data Science Community Network,UCpPm7MPoB8uOFSN-6xeCaLw,https://i.ytimg.com/vi/OK93vJOqn7s/default.jpg,120,90,https://i.ytimg.com/vi/OK93vJOqn7s/mqdefault.jpg,320,180,https://i.ytimg.com/vi/OK93vJOqn7s/hqdefault.jpg,480,360,https://i.ytimg.com/vi/OK93vJOqn7s/sddefault.jpg,640,480,https://i.ytimg.com/vi/OK93vJOqn7s/maxresdefault.jpg,1280,720,youtube#video,OK93vJOqn7s,OK93vJOqn7s,2023-10-16T21:18:33Z,public
